zipcode,poname,primaryruca,urbanicity,tract_geoid,weight,tract_name,median_income,total_population,white_population,black_population,asian_population,state,county,tract,white_pct,black_pct,asian_pct,mean_download_mbps,median_download_mbps,speed_std_mbps,mean_latency_ms,test_count,fcc_reported_mbps,speed_gap_mbps
94571,Rio Vista,7,Rural,06095253502,1.0,Census Tract 2535.02; Solano County; California,83856.0,4559.0,3035.0,583.0,82.0,6,95,253502,0.665716165825839,0.1278789208159684,0.0179864005264312,37.28724882733396,15.19006456782972,69.02766361208545,28.57334419551935,491.0,2000.0,1984.8099354321703
95608,Carmichael,1,Urban,06067007602,1.0,Census Tract 76.02; Sacramento County; California,69792.0,4972.0,3090.0,732.0,282.0,6,67,7602,0.6214802896218825,0.1472244569589702,0.0567176186645213,118.6092934356032,61.62830526658988,134.19563263109615,17.85560611431103,13542.0,2000.0,1938.37169473341
95610,Citrus Heights,1,Urban,06067008120,1.0,Census Tract 81.20; Sacramento County; California,90556.0,5468.0,3885.0,107.0,141.0,6,67,8120,0.7104974396488661,0.019568397951719,0.0257863935625457,122.25369633314564,67.04845585829662,133.59840005759168,17.284734607608897,16323.0,2000.0,1932.9515441417034
95615,Courtland,2,Suburban,06067009900,1.0,Census Tract 99; Sacramento County; California,76034.0,3808.0,1681.0,0.0,189.0,6,67,9900,0.4414390756302521,0.0,0.0496323529411764,49.15018051573957,40.88586460029609,45.657596924824446,26.445846153846155,13.0,2000.0,1959.1141353997039
95621,Citrus Heights,1,Urban,06067008111,1.0,Census Tract 81.11; Sacramento County; California,91630.0,6297.0,4751.0,69.0,339.0,6,67,8111,0.7544862632999841,0.0109575988565983,0.0538351595998094,124.13541697984772,72.54320680494504,135.38511146494147,15.20827251621714,14645.0,2000.0,1927.456793195055
95624,Elk Grove,1,Urban,06067009307,1.0,Census Tract 93.07; Sacramento County; California,120266.0,5483.0,2882.0,380.0,840.0,6,67,9307,0.525624658033923,0.0693051249316067,0.1532008024803939,139.083429027916,84.81866913327168,144.84508881329458,31.12684741382321,28633.0,2000.0,1915.1813308667283
95626,Elverta,1,Urban,06067007206,1.0,Census Tract 72.06; Sacramento County; California,99265.0,4128.0,2948.0,30.0,93.0,6,67,7206,0.7141472868217055,0.0072674418604651,0.0225290697674418,74.31522416352703,33.46219121918509,102.70192719843419,23.358160194174758,206.0,2000.0,1966.5378087808149
95628,Fair Oaks,1,Urban,06067008008,1.0,Census Tract 80.08; Sacramento County; California,108021.0,4935.0,3200.0,195.0,213.0,6,67,8008,0.6484295845997974,0.0395136778115501,0.043161094224924,130.3447726681155,73.51876012330635,139.12110375721377,25.627838564692016,13572.0,2000.0,1926.4812398766937
95630,Folsom,1,Urban,06067008402,1.0,Census Tract 84.02; Sacramento County; California,113686.0,6223.0,4366.0,270.0,561.0,6,67,8402,0.7015908725695003,0.0433874337136429,0.0901494456050136,126.55595292785569,49.525827963341214,145.0682708450783,17.08842404581681,24969.0,2000.0,1950.4741720366587
95632,Galt,2,Suburban,06067009410,1.0,Census Tract 94.10; Sacramento County; California,85665.0,6610.0,3326.0,22.0,486.0,6,67,9410,0.5031770045385779,0.0033282904689863,0.0735249621785174,114.45488230123067,48.72390798213981,136.53100946129933,18.785136789341777,7581.0,2000.0,1951.2760920178603
95638,Herald,10,Rural,06067009406,1.0,Census Tract 94.06; Sacramento County; California,107679.0,2452.0,1480.0,151.0,98.0,6,67,9406,0.6035889070146819,0.0615823817292006,0.0399673735725938,111.34376251224607,37.92812232020581,133.2114110862749,21.32828,25.0,,
95639,Hood,2,Suburban,06067009900,1.0,Census Tract 99; Sacramento County; California,76034.0,3808.0,1681.0,0.0,189.0,6,67,9900,0.4414390756302521,0.0,0.0496323529411764,19.067468741704133,19.067468741704133,11.29977050642645,22.823999999999998,2.0,2000.0,1980.932531258296
95640,Ione,7,Rural,06005000303,1.0,Census Tract 3.03; Amador County; California,64174.0,6471.0,5363.0,6.0,35.0,6,5,303,0.8287745325297481,0.000927213722763,0.005408746716118,35.738021212221696,16.739180640472743,45.516741164295915,22.318996875,320.0,1200.0,1183.2608193595272
95641,Isleton,10,Rural,06067009800,1.0,Census Tract 98; Sacramento County; California,72031.0,2062.0,1080.0,35.0,23.0,6,67,9800,0.5237633365664404,0.0169738118331716,0.0111542192046556,54.28389551592437,23.80620204649615,68.02537038729395,27.58648051948052,77.0,,
95652,McClellan,1,Urban,06067007301,1.0,Census Tract 73.01; Sacramento County; California,54122.0,5450.0,2092.0,499.0,514.0,6,67,7301,0.3838532110091743,0.0915596330275229,0.0943119266055045,207.29683028353304,153.4077847155885,128.94787218094172,126.61565384615385,26.0,2000.0,1846.5922152844114
95655,Mather,1,Urban,06067008803,1.0,Census Tract 88.03; Sacramento County; California,73250.0,2203.0,1588.0,270.0,63.0,6,67,8803,0.7208352246935996,0.1225601452564684,0.0285973672265093,173.47034773723422,100.14195616299618,173.28484117143717,21.64044117647059,68.0,2000.0,1899.8580438370038
95660,North Highlands,1,Urban,06067007301,1.0,Census Tract 73.01; Sacramento County; California,54122.0,5450.0,2092.0,499.0,514.0,6,67,7301,0.3838532110091743,0.0915596330275229,0.0943119266055045,111.51980024083991,45.80807469126409,141.40062525159874,31.62074681933842,6288.0,2000.0,1954.191925308736
95661,Roseville,1,Urban,06061020711,1.0,Census Tract 207.11; Placer County; California,92969.0,4784.0,3380.0,104.0,391.0,6,61,20711,0.7065217391304348,0.0217391304347826,0.0817307692307692,132.84861771621638,51.4140702847273,155.9787264376737,17.082119528915452,5689.0,2000.0,1948.5859297152726
95662,Orangevale,1,Urban,06067008203,1.0,Census Tract 82.03; Sacramento County; California,92143.0,5163.0,4124.0,4.0,140.0,6,67,8203,0.7987604106139842,0.0007747433662599,0.0271160178190974,149.73612975412468,98.48476483932468,135.86948563692522,17.73997926675095,3955.0,2000.0,1901.5152351606753
95670,Rancho Cordova,1,Urban,06067008908,1.0,Census Tract 89.08; Sacramento County; California,61774.0,5027.0,2609.0,336.0,365.0,6,67,8908,0.5189974139645912,0.0668390690272528,0.0726079172468669,113.40096632012114,62.3952049488013,129.39782940159148,19.3275319989229,11141.0,2000.0,1937.6047950511986
95671,Represa,1,Urban,06067008210,1.0,Census Tract 82.10; Sacramento County; California,111250.0,6161.0,4813.0,274.0,430.0,6,67,8210,0.781204349943191,0.0444732997889952,0.0697938646323648,,,,,,2000.0,
95673,Rio Linda,1,Urban,06067007209,1.0,Census Tract 72.09; Sacramento County; California,88869.0,3871.0,2950.0,45.0,71.0,6,67,7209,0.7620769826918109,0.0116249031258072,0.0183415138207181,158.3416416968754,95.96087145042272,152.53783153898883,18.878486830926082,1177.0,2000.0,1904.0391285495773
95678,Roseville,1,Urban,06061021003,1.0,Census Tract 210.03; Placer County; California,96956.0,6996.0,5343.0,209.0,369.0,6,61,21003,0.7637221269296741,0.0298742138364779,0.0527444253859348,130.1056497084118,74.46733422485386,142.62506790844452,24.71165057455157,14272.0,2000.0,1925.5326657751461
95680,Ryde,2,Suburban,06067009900,1.0,Census Tract 99; Sacramento County; California,76034.0,3808.0,1681.0,0.0,189.0,6,67,9900,0.4414390756302521,0.0,0.0496323529411764,,,,,,2000.0,
95683,Sloughhouse,2,Suburban,06067008601,1.0,Census Tract 86.01; Sacramento County; California,143125.0,5584.0,4613.0,233.0,191.0,6,67,8601,0.8261103151862464,0.0417263610315186,0.0342048710601719,113.2841216612701,64.97478298168865,130.98747989587883,12.389575833333334,1200.0,,
95690,Walnut Grove,2,Suburban,06067009900,1.0,Census Tract 99; Sacramento County; California,76034.0,3808.0,1681.0,0.0,189.0,6,67,9900,0.4414390756302521,0.0,0.0496323529411764,43.56514962799874,19.10691261142543,55.61966003492578,34.2266015037594,133.0,2000.0,1980.8930873885745
95693,Wilton,2,Suburban,06067009404,1.0,Census Tract 94.04; Sacramento County; California,180845.0,7235.0,3754.0,114.0,634.0,6,67,9404,0.5188666205943331,0.0157567380787836,0.0876295784381478,68.6780132469379,26.543528781514734,76.21785439719585,21.138896396396397,444.0,2000.0,1973.4564712184854
95742,Rancho Cordova,1,Urban,06067008706,1.0,Census Tract 87.06; Sacramento County; California,181802.0,2083.0,840.0,211.0,479.0,6,67,8706,0.4032645223235718,0.1012962073931829,0.2299567930868939,178.0660861701943,119.40010190062151,157.13986816953712,16.264290589232726,4718.0,2000.0,1880.5998980993786
95757,Elk Grove,1,Urban,06067009632,1.0,Census Tract 96.32; Sacramento County; California,121719.0,6623.0,1561.0,377.0,3090.0,6,67,9632,0.2356937943530122,0.0569228446323418,0.4665559414162766,149.99373533117767,80.86978567817833,154.32718696156562,22.14771107915147,19469.0,2000.0,1919.1302143218218
95758,Elk Grove,1,Urban,06067009643,1.0,Census Tract 96.43; Sacramento County; California,128582.0,6295.0,2391.0,820.0,1613.0,6,67,9643,0.379825258141382,0.1302621127879269,0.2562351072279587,126.14434012934075,76.24666391467326,135.4709608528441,16.756321686337778,23554.0,2000.0,1923.7533360853267
95762,El Dorado Hills,1,Urban,06017030710,1.0,Census Tract 307.10; El Dorado County; California,165542.0,6091.0,4937.0,0.0,512.0,6,17,30710,0.8105401411919225,0.0,0.0840584468888524,129.89003051941611,47.84051899268544,149.08548429163204,20.17617924441585,10879.0,2000.0,1952.1594810073145
95811,Sacramento,1,Urban,06067001103,1.0,Census Tract 11.03; Sacramento County; California,41051.0,1441.0,868.0,229.0,125.0,6,67,1103,0.6023594725884802,0.1589174184594032,0.0867453157529493,118.14245949315614,58.68021723698605,134.08673264033155,23.37517171203256,7862.0,2000.0,1941.319782763014
95814,Sacramento,1,Urban,06067001103,1.0,Census Tract 11.03; Sacramento County; California,41051.0,1441.0,868.0,229.0,125.0,6,67,1103,0.6023594725884802,0.1589174184594032,0.0867453157529493,130.836475981412,70.76361624186677,141.8364227787497,20.430214718505425,7922.0,2000.0,1929.2363837581333
95815,Sacramento,1,Urban,06067006902,1.0,Census Tract 69.02; Sacramento County; California,63611.0,3523.0,1056.0,217.0,480.0,6,67,6902,0.2997445359068975,0.0615952313369287,0.136247516321317,115.74900011781686,48.61549276981263,134.82743101766266,24.108969666211205,25615.0,2000.0,1951.3845072301874
95816,Sacramento,1,Urban,06067001400,1.0,Census Tract 14; Sacramento County; California,64724.0,2737.0,1707.0,226.0,152.0,6,67,1400,0.6236755571793935,0.082572159298502,0.0555352575812933,99.65454074847253,40.69078062069916,126.11918229696634,25.733376656227414,16604.0,2000.0,1959.3092193793009
95817,Sacramento,1,Urban,06067001800,1.0,Census Tract 18; Sacramento County; California,69181.0,5572.0,2485.0,652.0,790.0,6,67,1800,0.4459798994974874,0.1170136396267049,0.1417803302225412,150.694267408325,97.7409852444912,147.48416773918407,17.122563471355644,8815.0,2000.0,1902.2590147555088
95818,Sacramento,1,Urban,06067002300,1.0,Census Tract 23; Sacramento County; California,146875.0,3306.0,2386.0,97.0,161.0,6,67,2300,0.7217180883242589,0.029340592861464,0.0486993345432546,132.81839269970826,73.0376119638188,141.33100213764232,16.384164863695368,6933.0,2000.0,1926.9623880361812
95819,Sacramento,1,Urban,06067000200,1.0,Census Tract 2; Sacramento County; California,157109.0,3901.0,2938.0,38.0,235.0,6,67,200,0.7531402204562933,0.0097410920276852,0.0602409638554216,138.75413168991514,86.2574849282257,140.55326129947386,17.04411776788771,8763.0,2000.0,1913.7425150717743
95820,Sacramento,1,Urban,06067003002,1.0,Census Tract 30.02; Sacramento County; California,84917.0,4010.0,1951.0,214.0,258.0,6,67,3002,0.4865336658354114,0.0533665835411471,0.0643391521197007,96.18777887066726,34.76725959525895,126.19545716701326,24.63606025479169,17426.0,2000.0,1965.232740404741
95821,Sacramento,1,Urban,06067006101,1.0,Census Tract 61.01; Sacramento County; California,61592.0,4905.0,2036.0,569.0,435.0,6,67,6101,0.4150866462793068,0.1160040774719673,0.0886850152905198,103.28256995240186,44.23498893538962,126.19912597271023,23.837378226884706,38892.0,2000.0,1955.7650110646105
95822,Sacramento,1,Urban,06067003800,1.0,Census Tract 38; Sacramento County; California,74545.0,5034.0,1253.0,969.0,979.0,6,67,3800,0.2489074294795391,0.1924910607866507,0.1944775526420341,130.0133076447087,72.03441602212948,142.75595755088122,26.37301719846119,8838.0,2000.0,1927.9655839778704
95823,Sacramento,1,Urban,06067004910,1.0,Census Tract 49.10; Sacramento County; California,67404.0,4543.0,429.0,356.0,1527.0,6,67,4910,0.0944309927360774,0.0783623156504512,0.336121505613031,108.7203447346086,41.748947718724686,133.5726467366461,20.93855756510477,64857.0,2000.0,1958.2510522812754
95824,Sacramento,1,Urban,06067004604,1.0,Census Tract 46.04; Sacramento County; California,49596.0,5215.0,754.0,1156.0,968.0,6,67,4604,0.1445829338446788,0.2216682646212847,0.1856184084372003,103.31100118809654,39.751746234283885,131.19791821616153,21.84493832884097,9275.0,2000.0,1960.248253765716
95825,Sacramento,1,Urban,06067005506,1.0,Census Tract 55.06; Sacramento County; California,56599.0,3760.0,1002.0,436.0,281.0,6,67,5506,0.2664893617021276,0.1159574468085106,0.0747340425531915,95.5242275460852,39.088805161439204,120.84101913403784,21.454221882192925,38232.0,2000.0,1960.9111948385607
95826,Sacramento,1,Urban,06067009109,1.0,Census Tract 91.09; Sacramento County; California,116596.0,5360.0,2294.0,520.0,548.0,6,67,9109,0.4279850746268657,0.0970149253731343,0.1022388059701492,106.2184300391274,41.293625809405775,128.54289670576367,19.66484679968392,20248.0,2000.0,1958.7063741905943
95827,Sacramento,1,Urban,06067009004,1.0,Census Tract 90.04; Sacramento County; California,95750.0,3865.0,2368.0,85.0,212.0,6,67,9004,0.6126778783958603,0.0219922380336351,0.0548512289780077,83.95551814506753,34.532362102098986,114.92772918573448,26.003663997352746,15110.0,2000.0,1965.467637897901
95828,Sacramento,1,Urban,06067005101,1.0,Census Tract 51.01; Sacramento County; California,75217.0,5611.0,697.0,613.0,1459.0,6,67,5101,0.1242202815897344,0.1092496881126359,0.2600249509891285,100.6493402016379,46.20047004695682,122.57041704691343,21.040733987035814,36408.0,2000.0,1953.7995299530432
95829,Sacramento,1,Urban,06067009311,1.0,Census Tract 93.11; Sacramento County; California,94678.0,6506.0,1635.0,447.0,2861.0,6,67,9311,0.2513064863203197,0.0687058100215186,0.4397479249923148,122.1669667211731,58.377391713571264,141.1688072968002,21.92418430531075,13049.0,2000.0,1941.6226082864287
95830,Sacramento,1,Urban,06067009201,1.0,Census Tract 92.01; Sacramento County; California,96382.0,6824.0,1841.0,721.0,2248.0,6,67,9201,0.2697831184056272,0.1056565064478311,0.3294255568581477,94.80815846459124,61.06029089442673,113.18904127834963,9.371500000000001,10.0,2000.0,1938.9397091055732
95831,Sacramento,1,Urban,06067004018,1.0,Census Tract 40.18; Sacramento County; California,66276.0,3143.0,582.0,308.0,1314.0,6,67,4018,0.1851734012090359,0.0979955456570155,0.4180719058224626,106.4761319787098,51.543023567078734,126.79621189425096,23.268148873483536,5770.0,2000.0,1948.4569764329212
95832,Sacramento,1,Urban,06067009601,1.0,Census Tract 96.01; Sacramento County; California,78779.0,7076.0,806.0,1063.0,2403.0,6,67,9601,0.1139061616732617,0.1502261164499717,0.3395986433013002,95.00533060221994,37.401338096674124,122.00036253866834,18.812895794392524,2140.0,2000.0,1962.5986619033258
95833,Sacramento,1,Urban,06067007011,1.0,Census Tract 70.11; Sacramento County; California,102277.0,7301.0,1898.0,1958.0,763.0,6,67,7011,0.2599643884399397,0.2681824407615395,0.1045062320230105,108.6536345629608,49.43596577274543,129.99440599673784,23.026889802707576,21643.0,2000.0,1950.5640342272545
95834,Sacramento,1,Urban,06067007028,1.0,Census Tract 70.28; Sacramento County; California,107500.0,5386.0,1075.0,1246.0,1346.0,6,67,7028,0.1995915336056442,0.2313405124396583,0.2499071667285555,154.51012405270419,91.15132115675648,153.9029372592931,20.806451806883913,17461.0,2000.0,1908.8486788432435
95835,Sacramento,1,Urban,06067007106,1.0,Census Tract 71.06; Sacramento County; California,121121.0,6813.0,1822.0,669.0,2603.0,6,67,7106,0.2674299134008513,0.098194627917217,0.3820637017466608,117.69613511566462,60.76826099755539,132.87954406221363,17.367145986121617,30407.0,2000.0,1939.2317390024446
95836,Sacramento,2,Suburban,06067007101,1.0,Census Tract 71.01; Sacramento County; California,192938.0,1355.0,465.0,31.0,533.0,6,67,7101,0.3431734317343173,0.0228782287822878,0.3933579335793358,,,,,,2000.0,
95837,Sacramento,2,Suburban,06067007101,1.0,Census Tract 71.01; Sacramento County; California,192938.0,1355.0,465.0,31.0,533.0,6,67,7101,0.3431734317343173,0.0228782287822878,0.3933579335793358,,,,,,2000.0,
95838,Sacramento,1,Urban,06067006501,1.0,Census Tract 65.01; Sacramento County; California,46219.0,5162.0,866.0,1196.0,958.0,6,67,6501,0.1677644323905463,0.2316931421929484,0.1855869817900038,105.61094106355726,41.275989071433884,131.18852558441907,19.502548617194346,31964.0,2000.0,1958.724010928566
95841,Sacramento,1,Urban,06067007501,1.0,Census Tract 75.01; Sacramento County; California,55778.0,7444.0,4900.0,461.0,378.0,6,67,7501,0.6582482536270822,0.0619290703922622,0.0507791509940892,89.07062482574982,35.147651365021815,115.24434445801737,23.55632107157137,15006.0,2000.0,1964.8523486349782
95842,Sacramento,1,Urban,06067007416,1.0,Census Tract 74.16; Sacramento County; California,71618.0,4154.0,2289.0,441.0,247.0,6,67,7416,0.5510351468464131,0.1061627347135291,0.0594607607125662,110.1631407607805,46.46683279200861,132.69723600576424,20.443078656301353,31644.0,2000.0,1953.5331672079915
95843,Antelope,1,Urban,06067007430,1.0,Census Tract 74.30; Sacramento County; California,97479.0,7776.0,4230.0,1017.0,472.0,6,67,7430,0.5439814814814815,0.130787037037037,0.0606995884773662,116.95238882026224,71.03949628370754,128.56017946118723,18.81388154506438,13980.0,2000.0,1928.9605037162924
95864,Sacramento,1,Urban,06067005702,1.0,Census Tract 57.02; Sacramento County; California,196875.0,4483.0,3676.0,58.0,143.0,6,67,5702,0.8199866161052867,0.0129377648895828,0.0318982824001784,149.8430348809757,89.09597099441416,152.58092308961437,17.673666873295314,16132.0,2000.0,1910.904029005586
